Mutation_Type,Model,MAE,RMSE,R²,Pearson_r,Pearson_p
Deletion,Indel Model,0.2356230864065029,0.31770660055323097,-0.9211971356176225,0.03940143219118848,0.5114267783251285
Deletion,IndeLLM,0.7900103730788631,0.8352722620990732,-12.279311978216887,-0.4577231664821185,6.619340262281742e-16
Deletion,INDELi-E,1.6220923187911218,1.6896112476714182,-53.336672463036045,-0.5275062316644306,1.8537727974636438e-21
