Mutation_Type,Model,MAE,RMSE,R²,Pearson_r,Pearson_p
Insertion,Indel Model,0.3203081692891821,0.4308060267210014,-1.1028467986628203,-0.051423399331410005,0.4396881418926387
Insertion,IndeLLM,0.7079533209306531,0.7703091728375746,-5.723172157436518,-0.3020795822564162,3.397312065855827e-06
Insertion,INDELi-E,1.162593263108088,1.2116481345039745,-15.634016549563203,-0.4771119333452367,2.3091177294284285e-14
